商品名称,价格(单位:元),月销量,图片,二级类目,一级类目
蓝箭 A4多功能办公用纸 210*297mm 500张/包 70g/㎡,22.8,15,https://img30.360buyimg.com/n1//jfs/t1/50694/6/9571/93629/5d71bdf6E99df9087/fca39f95bc110689.jpg,文具,文娱用品
惠宜 圆珠笔 20支 0.7mm 蓝色,9.9,2,https://img30.360buyimg.com/n1//jfs/t1/62955/31/10680/129138/5d835db0Ee7a05ed4/5062468dc1202557.jpg,文具,文娱用品
惠宜 透明极简中性笔 4支 0.5mm 黑色,9.9,0,https://img30.360buyimg.com/n1//jfs/t1/69036/3/10857/77008/5d835dc5E275e6b2a/facf7a2630fd4e33.jpg,文具,文娱用品
惠宜 黑白套中性笔 4支 0.5mm 黑色,9.9,0,https://img30.360buyimg.com/n1//jfs/t1/73014/27/10865/71658/5d835dc4E12ff9b2f/6def5325abe6c25f.jpg,文具,文娱用品
惠宜 曲挂金属中性笔 黑色 0.5mm 2支,9.9,0,https://img30.360buyimg.com/n1//jfs/t1/69854/10/10617/65839/5d835dc0Ea3aee0ab/afa0cec5a8493a46.jpg,文具,文娱用品
惠宜 子弹头中性笔芯 20支 0.5mm 黑色,9.9,0,https://img30.360buyimg.com/n1//jfs/t1/60922/1/10801/122227/5d835db7E1e3c7780/9f287e1472343321.jpg,文具,文娱用品
惠宜 文具胶带 18mm*20y（约18.29米） 2卷,2.9,0,https://img30.360buyimg.com/n1//jfs/t1/60235/36/10846/177014/5d835da4E841b5574/e3090831b62ef098.jpg,文具,文娱用品
惠宜 封箱胶带 48mm*50y（约45.72m）（ 6卷装）,25.9,0,https://img30.360buyimg.com/n1//jfs/t1/75991/18/10764/54600/5d835d98E9ca6b3a1/dd1ad298174f681a.jpg,文具,文娱用品
商品名称,价格(单位:元),月销量,图片,二级类目,一级类目
AULDEY 爆裂飞车3-合体弹射系列-御星神 684301,129,1,https://img30.360buyimg.com/n1//jfs/t1/57429/38/12227/69565/5d91b1a9E2cdc5818/d4d5aa163454a580.jpg,玩具,文娱用品
AULDEY 飓风战魂5-合体系列陀螺-烈破炎龙合体加速版 634302H,69,3,https://img30.360buyimg.com/n1//jfs/t1/67289/34/11732/46549/5d91b1aeE68235f7c/7b17af6585123259.jpg,玩具,文娱用品
孩之宝 培乐多妙趣小套装 E1498/E0801 多种款式随机配送,19,1,https://img30.360buyimg.com/n1//jfs/t1/68373/31/8132/222663/5d5f82c3Ea6894442/703456048ad70aa2.jpg,玩具,文娱用品
HOT WHEELS/风火轮 火辣交通组合五辆装 1806,49,1,https://img30.360buyimg.com/n1//jfs/t1/71615/35/8048/101209/5d5f829aE02a38755/a482fbecbdb28f08.jpg,玩具,文娱用品
猎豹王 线控挖土车 8030,69.9,2,https://img30.360buyimg.com/n1//jfs/t1/79679/30/7661/87530/5d5bc6e4Ed4a499ba/f502a7759b23dc53.jpg,玩具,文娱用品
HOT WHEELS/风火轮 火辣小跑车 1个,12.9,2,https://img30.360buyimg.com/n1//jfs/t1/57721/29/8577/135698/5d5f8284E33897102/c70babbe47c1752d.jpg,玩具,文娱用品
AULDEY 爆裂飞车3-扫荡系列-猎天魄 684501,159,0,https://img30.360buyimg.com/n1//jfs/t1/46165/28/12247/93212/5d91b1a8E7ec1fef6/68f66b22cb951b80.jpg,玩具,文娱用品
新新精艺 梦幻蝴蝶披风 EW-9543 多种颜色随机配送,49.9,0,https://img30.360buyimg.com/n1//jfs/t1/64164/40/12478/62531/5d9dc948Ec2fa6747/1fa0b131d4f60b72.jpg,玩具,文娱用品
新新精艺 节日玩具 WS009 多种颜色随机配送,19.9,0,https://img30.360buyimg.com/n1//jfs/t1/49063/13/12983/63740/5d9dc948Efbe1d64c/897a3ccdd721c64d.jpg,玩具,文娱用品
新新精艺 儿童皇冠披风套装A EW-8511 多种颜色随机配送,49.9,0,https://img30.360buyimg.com/n1//jfs/t1/47445/20/12999/172098/5d9dc948Ed2be5d96/fef63d23ff881a4a.jpg,玩具,文娱用品
新新精艺 儿童头扣披风套装 Ew-8503 多种颜色随机配送,49.9,0,https://img30.360buyimg.com/n1//jfs/t1/78592/36/12566/90863/5d9dc948E00a1e1c3/fa5271e733aa2a54.jpg,玩具,文娱用品
新新精艺 梦幻彩虹裙套装 EW-9541 多种颜色随机配送,39.9,0,https://img30.360buyimg.com/n1//jfs/t1/55779/40/13075/116034/5d9dc949E48d4206b/38a3ff73866228f4.jpg,玩具,文娱用品
新新精艺 万圣鬼怪帽衫 EW-9506 多种颜色随机配送,39.9,0,https://img30.360buyimg.com/n1//jfs/t1/69645/9/12625/75335/5d9dc949E7a548d81/9f121ffc3b5d33ec.jpg,玩具,文娱用品
新新精艺 亮片羽毛眼罩 BW-8228 多种颜色随机配送,19.9,0,https://img30.360buyimg.com/n1//jfs/t1/44718/19/12966/198646/5d9dc948E9d0433f6/83a8f12139843368.jpg,玩具,文娱用品
新新精艺 闪光仙女棒 AW-9105 多种颜色随机配送,19.9,0,https://img30.360buyimg.com/n1//jfs/t1/51918/12/13073/140567/5d9dc948Ed4bfdf45/c3a8750b7907b48b.jpg,玩具,文娱用品
新新精艺 万圣节玩具 KT015/KT016/KT017 多种颜色随机配送,12.9,0,https://img30.360buyimg.com/n1//jfs/t1/76429/1/12441/111524/5d9dc948Ecc0e41f7/d430e1835df9215f.jpg,玩具,文娱用品
AULDEY 飓风战魂5-合体系列陀螺-烈破炎龙炫光加速版 634402H,99,0,https://img30.360buyimg.com/n1//jfs/t1/81043/3/11854/59043/5d91b1b0E9248d0d8/39ac0ef594806ef4.jpg,玩具,文娱用品
AULDEY 飓风战魂5-合体系列陀螺-战神之翼炫光加速版 634401H,99,0,https://img30.360buyimg.com/n1//jfs/t1/84196/31/11702/62933/5d91b1afE5169b0b9/5599fa1020c11517.jpg,玩具,文娱用品
AULDEY 飓风战魂5-合体系列陀螺-战神之翼合体加速版 634301H,69,0,https://img30.360buyimg.com/n1//jfs/t1/78263/27/11705/53577/5d91b1b1E4be7830f/e5690e1508403cdb.jpg,玩具,文娱用品
AULDEY 巨神战击队 星球战击王 534305-N,59,0,https://img30.360buyimg.com/n1//jfs/t1/68659/5/11572/101515/5d91b1adE7b9fe84e/6e6993b60512e270.jpg,玩具,文娱用品
AULDEY 巨神战击队太阳战击王 534304-N,59,0,https://img30.360buyimg.com/n1//jfs/t1/59965/40/11712/86863/5d91b1adE325e4658/8663e6cb7d0f9580.jpg,玩具,文娱用品
AULDEY 海萤精灵魔法装备（凌海昕版） 581615,39,0,https://img30.360buyimg.com/n1//jfs/t1/64875/8/11745/57562/5d91b1adEf3aea4d7/201dada338e50daf.jpg,玩具,文娱用品
AULDEY 海萤精灵魔法装备（娜希雅版） 581614,39,0,https://img30.360buyimg.com/n1//jfs/t1/70051/18/11828/56055/5d91b1aeEd5f76136/779fd0d5fe73bc2d.jpg,玩具,文娱用品
AULDEY 乔治欢乐跑跑车 582172,59,0,https://img30.360buyimg.com/n1//jfs/t1/56327/21/12290/77144/5d91b1adEd0d19096/e400ceb81f22395c.jpg,玩具,文娱用品
AULDEY 海萤幻色水晶球 581610,99,0,https://img30.360buyimg.com/n1//jfs/t1/62525/4/11701/91699/5d91b1adEc2d9c9ad/59bba74bc1dfa9ba.jpg,玩具,文娱用品
AULDEY 电动宠物车阿宝和小刚 881210,89,0,https://img30.360buyimg.com/n1//jfs/t1/54816/19/12274/72762/5d91b1acE29824839/d8e03b2b84f18af7.jpg,玩具,文娱用品
AULDEY 机灵电动宠物车妙妙和霏霏 881220,89,0,https://img30.360buyimg.com/n1//jfs/t1/46672/38/12378/74258/5d91b1a8Ebf6df1cb/b7c22c769d609669.jpg,玩具,文娱用品
AULDEY 趣味反斗车阿宝 881110,29,0,https://img30.360buyimg.com/n1//jfs/t1/60913/34/11521/97055/5d91b1a8E49a7328a/a2cfba643dddec8f.jpg,玩具,文娱用品
AULDEY 趣味反斗车妙妙 881120,29,0,https://img30.360buyimg.com/n1//jfs/t1/47392/18/12109/52671/5d91b1a8E14b03230/041f78aa02df56b7.jpg,玩具,文娱用品
AULDEY 趣味反斗车蹦蹦 881140,29,0,https://img30.360buyimg.com/n1//jfs/t1/81117/33/11721/81698/5d91b1a8E73001660/51a7294ee78da4fc.jpg,玩具,文娱用品
AULDEY 铠甲勇士拿瓦 焰飓铠甲召唤腰带 566061N,79,0,https://img30.360buyimg.com/n1//jfs/t1/81705/35/11689/105719/5d91b1a8E3696a2ff/3642c765c97d7023.jpg,玩具,文娱用品
AULDEY 铠甲勇士拿瓦 麒麟熔斧 566051N,99,0,https://img30.360buyimg.com/n1//jfs/t1/62869/24/11724/112190/5d91b1a8E654ae754/e8676c45edcb14cf.jpg,玩具,文娱用品
AULDEY 小猪佩奇梦想职业 582131,19,0,https://img30.360buyimg.com/n1//jfs/t1/60193/4/11668/35308/5d91b1a8Ebed9b285/35c19e5d4e0ff5f9.jpg,玩具,文娱用品
AULDEY 爆裂飞车3-猛兽系列-极寒冰 684111,45,0,https://img30.360buyimg.com/n1//jfs/t1/51878/32/12339/116402/5d91b1a8E5a0e48ac/dbe2b8960ea8d901.jpg,玩具,文娱用品
孩之宝 小马宝莉Q版气球款寻宝装 E5966 多款式随机派送,29,0,https://img30.360buyimg.com/n1//jfs/t1/69564/14/8053/112924/5d5f82f3Ea2e989a1/668f2eca30936b8a.jpg,玩具,文娱用品
灵动创想 双核聚能引擎套装-灵羽&炽羽凤凰&碧幽利刃（聚能尖红蓝黄色随机） GT0201,119,0,https://img30.360buyimg.com/n1//jfs/t1/38365/1/10480/54876/5d19a15bEd33a8cad/3917ad5696838f70.jpg,玩具,文娱用品
孩之宝 小马宝莉小马利亚系列水晶城堡套装 1套,398,0,https://img30.360buyimg.com/n1//jfs/t1/57317/22/2920/238207/5d0b59beE38dd4f52/0bee5d360233b6f7.jpg,玩具,文娱用品
美致模型 高速1：10攀爬车 LLB-3507,199,0,https://img30.360buyimg.com/n1//jfs/t1/56682/9/2011/70866/5cfdc0d2E979eb423/b83a97e9714a9386.jpg,玩具,文娱用品
封闭钢琴键盘 1个,299,0,https://img30.360buyimg.com/n1//jfs/t1/73759/39/7725/75248/5d5bc704Eb170072e/50024207012f190b.jpg,玩具,文娱用品
